<?xml version = "1.0" encoding = "UTF-8"?>
<!DOCTYPE mapper PUBLIC
        "-//mybatis.org//DTD com.example.Mapper 3.0//EN"
        "http://mybatis.org/dtd/mybatis-3-mapper.dtd">
<mapper namespace="com.joyshebao.shiro.mapper.UserMapper">
    <resultMap id="result" type="com.joyshebao.shiro.model.User">
        <result property="id" column="id" />
        <result property="name" column="name" />
        <result property="password" column="password"/>

    </resultMap>
    <select id="findByName" resultMap="result">
        select *
        from user
        where name = #{value}
    </select>
    <select id="getUserList" resultMap="result">
        select *
        from user
    </select>
</mapper>
